episode,reward
10,-98.79299639540054
20,-87.77747416252613
