episode,reward
10,-399.0627910211329
20,-410.33641041519104
30,-383.183708689621
40,-376.29840023034336
50,-372.4308967913553
60,-320.76384237540407
