episode,reward
10,-399.0627910211329
20,-410.33641041519104
30,-383.183708689621
40,-376.29840023034336
50,-374.08371700754395
60,-321.4540364907968
