episode,reward
10,168.32528807228857
20,160.56944389281847
30,153.39955385733583
40,150.11642889872226
50,152.058100971097
60,148.56588219345744
70,144.47620656452239
80,141.43346606304186
90,139.07989495109993
100,137.19980398252153
110,135.66193590861852
120,134.38059642500724
130,133.29647987324276
