episode,reward
25,-241.77667928084284
50,-241.79070924742228
75,-241.80000853692653
100,-241.82207492468467
