episode,reward
10,-146.58444212140745
20,-146.54875625590674
30,-146.56926481618203
40,-146.5793363223927
50,-146.55299225752992
60,-146.56841707205677
70,-146.56263416437767
80,-146.5735769682843
90,-146.56280796021701
100,-146.5730642567855
