episode,reward
10,5.866114980756555
20,5.599617575305421
30,5.19095052454716
40,5.018814243001527
50,4.871232326921901
60,4.867280952738013
70,4.982795009468282
80,4.9155855737731216
90,4.930109171658146
100,4.92898862977546
110,4.9104136138463
