episode,reward
10,-3246.088584931431
20,-3325.154212130863
30,-3292.3439645185545
40,-3258.1436405092595
50,-3251.163777270225
