episode,reward
10,-3328.475304344253
20,-3236.366570618905
30,-3204.971871693278
40,-3396.7443929683272
50,-3382.7519067484745
60,-3202.5268492508244
70,-3053.790801868244
