episode,reward
10,-194.78718460816157
20,-201.1368962493863
30,-192.3734624255086
40,-195.2715986554589
50,-197.25858147929293
60,-200.9724403348218
70,-198.9904933018648
80,-201.74983775390254
90,-199.4812685117903
100,-199.73206567311973
110,-203.16684424760888
120,-207.76240520313965
130,-208.61653912633162
140,-209.80409431066232
150,-213.52749330737385
160,-215.58316886401053
