episode,reward
10,-211.02093326262047
20,-201.6936808935413
30,-205.78402952437287
40,-208.10609762999312
50,-211.0526406758716
60,-201.31383827120888
70,-218.28640024061622
80,-226.57114387696328
90,-226.67562990484444
100,-231.09837818850494
