episode,reward
10,-3243.23837992
20,-3327.26200255
30,-3321.8953467
40,-3291.40535762
50,-3273.59650226
60,-3242.93110535
70,-3282.55811697
80,-3329.2672887
90,-3447.83038193
100,-3498.35280193
110,-3481.84396793
120,-3353.93729917
130,-3252.0653806
140,-3169.23536512
150,-3109.66542368
160,-3062.60560751
170,-3031.74772897
