episode,reward
1,-2241.080866699907
2,-1464.1995711599834
3,-1205.8693411822167
4,-1071.3788456598597
5,-1019.3175012945233
6,-1454.9288787787616
7,-1743.1092816411547
8,-2075.792776049279
