episode,reward
1,-328.4192729090962
2,-205.50648086609328
3,-167.14444982919983
4,-166.46364167828676
5,-146.09865816399534
6,-124.08953625722289
7,-155.22491559348958
8,-111.62342573874147
9,-125.21573651195637
10,-118.32494747597426
11,-120.28824394135708
12,-116.07736852027246
13,-120.94358485928423
14,-121.78314612484628
15,-126.1706940035091
16,-132.4082470494959
