episode,reward
10,-176.65772825393225
20,-198.8602769625199
30,-113.85401481352959
40,-52.10206984068437
