episode,reward
10,-189.50417753642677
20,-166.57156596691053
30,-76.45948041159518
40,52.73912233874997
50,207.73085124285484
