episode,reward
10,-1898.407483226197
20,-1745.093235412372
30,-1698.519803253654
40,-1654.381870037008
50,-1664.7163182827373
60,-1678.6458425510502
70,-1646.963883937495
