episode,reward
10,-1715.6873809531721
20,-1652.0117765844661
30,-1652.7600838624455
40,-1482.8443248453602
50,-1377.6063896395194
60,-1282.802824386421
70,-1187.619089890853
80,-1062.8649696101581
90,-940.6132359387866
100,-816.0762808592744
110,-691.9978775566804
120,-581.4468964675408
