episode,reward
1000,431.4787257725636
2000,628.0503538047905
3000,750.5085325062647
4000,880.5452742846502
5000,977.9496133797644
6000,1020.6101077400679
