episode,reward
10,-244.11007565484925
20,-247.92663778778737
30,-235.24171101000672
40,-244.3815014129559
50,-219.98560713556984
