episode,reward
10,-244.85254680896247
20,-221.28402728879442
30,-203.47810019255698
40,-137.571059623126
50,-103.71852485584003
60,-77.93793070194116
70,-21.974020762844084
