episode,reward
10,13.327865331101668
20,15.72603661396299
30,16.609422604209332
40,16.78649327065638
