episode,reward
10,749.4087660053971
20,731.8497602773982
30,731.5667557095323
40,730.9453886622623
