episode,reward
10,-2785.5197780755575
20,-2640.219405466163
30,-2610.0283580238333
40,-2664.453557621552
50,-2880.2296210816567
60,-2955.244335663337
70,-3040.5931751665325
80,-3118.502821350586
90,-3137.492723352259
100,-3128.579783920564
110,-3110.0182235905645
120,-3152.6223705632433
130,-3156.3293634014017
140,-3157.8472211557287
150,-3156.4139425713392
