episode,reward
10,-1482.0021698339071
20,-1475.7782154726908
30,-1402.1645422086551
40,-1403.9869050758239
50,-1398.5639465745255
60,-1351.3506803405103
70,-1345.4911896267952
80,-1342.1549133993997
90,-1350.5784535714238
100,-1351.2155078548446
110,-1342.3906133883754
