episode,reward
10,-145.89094412335288
20,-146.54863775714625
30,-159.50296726455673
40,-155.43438300115426
50,-160.39805667352567
60,-157.41360362371543
70,-160.07968690217834
80,-163.72228691295524
90,-172.96740814958318
100,-173.26847253802148
110,-179.87782740453548
120,-176.55987459166107
130,-176.5491963107036
140,-179.1919229800369
150,-182.51738488201374
