episode,reward
10,77.13082902416383
20,73.01100072560361
30,73.14061474123942
40,73.75883217463277
50,73.73724623086723
