episode,reward
10,-1754.3459762510047
20,-1601.3112252734252
30,-1572.8857845075263
40,-1793.1231214045517
50,-1780.1442764961935
