episode,reward
10,-3769.5530500370833
20,-3733.9654985690017
30,-3743.318951070282
40,-3754.728415288458
50,-3810.51636891652
60,-3841.1179087000605
70,-3842.2262677569474
80,-3812.1416155837555
90,-3810.542855877367
100,-3806.781056606768
110,-3802.290015619732
120,-3774.338751120636
130,-3763.2257704126387
