episode,interval,reward
10,-800.1120683556684,-800.1120683556684
20,-656.0122924037261,-728.0621803796972
30,-516.1142815028553,-657.412880754083
