episode,reward
10,-111.06608393240657
20,-8.138661082321356
