episode,interval,reward
10,-37.79598984888061,-37.795989848880595
20,-38.282617420239646,-38.03930363456011
30,-39.5985503807546,-38.55905254995825
