episode,reward
10,2.4565411730171345
20,1.1884351262219577
30,1.0948279860671546
40,2.1442744750836082
50,1.639591838631746
60,1.2094851006864062
70,1.8583318615271658
80,1.0933409814764226
90,0.9999499639614052
100,1.0007976311122326
110,1.0331165240065834
120,1.0014316818899476
130,1.0004846080807954
140,1.295611871629378
150,1.3113753060001838
