episode,interval,reward
10,-1318.1256158000137,-1318.1256158000137
20,-1019.4023113232813,-1168.763963561648
30,-443.7694623286874,-927.0991298173279
