episode,interval,reward
10,-1297.6534225453322,-1297.6534225453322
20,-990.5561874119694,-1144.1048049786507
30,-501.8630616785784,-930.0242238786268
40,-123.63855470240762,-728.4278065845721
50,-12.844384220311417,-585.31112211172
