episode,reward
10,-4885.504050203624
20,-5679.369696535491
30,-6112.301628501112
40,-4806.393148815082
50,-18871.5592053941
60,-5520.862291822411
70,-5143.86284737008
80,-4487.05733385941
90,-5324.514014997411
100,-5616.826328293711
110,-5333.043836946993
120,-5303.761125005504
130,-4985.543788226779
140,-5308.991355936588
