episode,interval,reward
10,-487.28595186141365,-487.28595186141365
20,-304.5425967323522,-395.91427429688287
30,-223.5388533995719,-338.4558006644458
40,-187.82379365444086,-300.7977989119446
