episode,interval,reward
10,-3.7404978200642254,-3.7404978200642254
20,0.1783928032926104,-1.7810525083858075
