episode,interval,reward
1,-23086.613673089836,-23086.613673089836
