episode,interval,reward
10,-1295.7339882782746,-1295.7339882782744
20,-917.5438111716554,-1106.6388997249649
30,-389.4514059267873,-867.5764017922389
40,-95.24211213084182,-674.4928293768896
50,-0.28861033218184495,-539.6519855679483
60,29.86719274436745,-444.73212251589564
70,56.791074778171925,-373.0859514738859
80,77.39510119269377,-316.7758198905635
90,82.57611696601874,-272.40338246205425
100,92.87540077398276,-235.87550413845054
110,96.49018514638281,-205.6604414761929
120,102.12471385599183,-180.01167853184418
130,104.35751988112295,-158.1371248077698
140,101.16864216071285,-139.61528431002102
150,104.09244652021309,-123.3681022546721
160,109.95451484995242,-108.78543868563307
170,118.50129153685461,-95.41563102548676
180,113.33595914950149,-83.81832046020963
190,116.28363289355909,-73.28663870474811
200,121.12176947088713,-63.56621829596628
210,122.64234691326278,-54.69914376219348
220,122.4001417500076,-46.649176238911615
230,120.53596158153275,-39.38025720324012
240,125.65509796588222,-32.50378407119336
250,122.68422688210478,-26.296263633061436
260,127.4463237290945,-20.383087196055435
270,130.0486536029312,-14.81154124053741
280,131.74318922699157,-9.577443723839949
290,125.04956106381545,-4.935133213920795
300,132.26769081316837,-0.36170574635115554
310,129.30714964680607,3.821160556653916
320,127.9367071332869,7.699771387173698
330,134.71102092266068,11.548597130673304
340,129.35067090680266,15.01336400644181
350,138.05148047522482,18.528738762692747
360,134.49810025232063,21.75010991518241
370,139.7737282561407,24.93993743791101
380,138.6147429075832,27.93137968711291
390,144.21131342451986,30.912916449610524
400,138.62441949247977,33.60570402568224
410,142.56341433195945,36.263209155103624
420,146.92529233940684,38.898020659491785
430,143.36398774148267,41.3274617544218
440,136.77540416288917,43.496733172796056
450,139.70172167839976,45.63462180625392
460,147.22570167686865,47.84312354257162
470,152.03460266864798,50.059963523977515
480,144.24613301226407,52.02217538831681
490,144.64357712045484,53.91240807672779
500,143.45636515120438,55.703287218217326
